customer_id,customer_name,city,state,signup_date
1,Customer_0001,Hyderabad,Telangana,2024-04-19
2,Customer_0002,Kochi,Kerala,2024-02-22
3,Customer_0003,Raipur,Chhattisgarh,2023-12-13
4,Customer_0004,Ahmedabad,Gujarat,2024-10-01
5,Customer_0005,Delhi,Delhi,2025-07-27
6,Customer_0006,Hyderabad,Telangana,2025-08-12
7,Customer_0007,Patna,Bihar,2025-05-25
8,Customer_0008,Ahmedabad,Gujarat,2025-02-01
9,Customer_0009,Ahmedabad,Gujarat,2024-10-25
10,Customer_0010,Bengaluru,Karnataka,2023-01-25
11,Customer_0011,Delhi,Delhi,2024-12-10
12,Customer_0012,Nagpur,Maharashtra,2026-03-30
13,Customer_0013,Pune,Maharashtra,2023-06-26
14,Customer_0014,Surat,Gujarat,2023-10-12
15,Customer_0015,Chennai,Tamil Nadu,2023-03-04
16,Customer_0016,Pune,Maharashtra,2025-09-29
17,Customer_0017,Mumbai,Maharashtra,2024-10-23
18,Customer_0018,Surat,Gujarat,2024-10-27
19,Customer_0019,Surat,Gujarat,2023-06-05
20,Customer_0020,Bhopal,Madhya Pradesh,2025-12-08
21,Customer_0021,Jaipur,Rajasthan,2025-08-24
22,Customer_0022,Indore,Madhya Pradesh,2025-04-28
23,Customer_0023,Raipur,Chhattisgarh,2026-01-12
24,Customer_0024,Raipur,Chhattisgarh,2024-11-19
25,Customer_0025,Patna,Bihar,2023-05-28
26,Customer_0026,Surat,Gujarat,2023-12-08
27,Customer_0027,Kochi,Kerala,2024-04-20
28,Customer_0028,Nagpur,Maharashtra,2025-12-22
29,Customer_0029,Mysuru,Karnataka,2024-07-14
30,Customer_0030,Patna,Bihar,2023-11-23
31,Customer_0031,Hyderabad,Telangana,2026-03-10
32,Customer_0032,Noida,Uttar Pradesh,2025-09-16
33,Customer_0033,Hyderabad,Telangana,2023-08-03
34,Customer_0034,Lucknow,Uttar Pradesh,2024-03-10
35,Customer_0035,Bengaluru,Karnataka,2025-08-09
36,Customer_0036,Bhubaneswar,Odisha,2024-12-23
37,Customer_0037,Lucknow,Uttar Pradesh,2023-02-01
38,Customer_0038,Noida,Uttar Pradesh,2024-10-31
39,Customer_0039,Pune,Maharashtra,2023-10-12
40,Customer_0040,Kochi,Kerala,2024-03-04
41,Customer_0041,Raipur,Chhattisgarh,2023-10-13
42,Customer_0042,Hyderabad,Telangana,2026-03-13
43,Customer_0043,Surat,Gujarat,2025-11-08
44,Customer_0044,Delhi,Delhi,2023-01-18
45,Customer_0045,Raipur,Chhattisgarh,2025-02-07
46,Customer_0046,Nagpur,Maharashtra,2024-08-12
47,Customer_0047,Bhubaneswar,Odisha,2026-04-13
48,Customer_0048,Bhopal,Madhya Pradesh,2025-10-06
49,Customer_0049,Bengaluru,Karnataka,2023-07-13
50,Customer_0050,Lucknow,Uttar Pradesh,2024-05-16
51,Customer_0051,Delhi,Delhi,2025-09-14
52,Customer_0052,Bengaluru,Karnataka,2026-02-10
53,Customer_0053,Pune,Maharashtra,2023-04-24
54,Customer_0054,Chennai,Tamil Nadu,2025-08-04
55,Customer_0055,Jaipur,Rajasthan,2025-04-10
56,Customer_0056,Bengaluru,Karnataka,2025-07-13
57,Customer_0057,Lucknow,Uttar Pradesh,2023-02-24
58,Customer_0058,Surat,Gujarat,2025-03-10
59,Customer_0059,Pune,Maharashtra,2025-02-16
60,Customer_0060,Jaipur,Rajasthan,2023-06-11
61,Customer_0061,Bengaluru,Karnataka,2023-03-28
62,Customer_0062,Bhubaneswar,Odisha,2023-02-24
63,Customer_0063,Indore,Madhya Pradesh,2025-10-28
64,Customer_0064,Raipur,Chhattisgarh,2025-04-12
65,Customer_0065,Delhi,Delhi,2023-11-09
66,Customer_0066,Bhubaneswar,Odisha,2025-01-28
67,Customer_0067,Delhi,Delhi,2024-03-18
68,Customer_0068,Indore,Madhya Pradesh,2023-11-24
69,Customer_0069,Kolkata,West Bengal,2025-12-13
70,Customer_0070,Lucknow,Uttar Pradesh,2025-01-30
71,Customer_0071,Raipur,Chhattisgarh,2024-08-01
72,Customer_0072,Kolkata,West Bengal,2025-12-10
73,Customer_0073,Noida,Uttar Pradesh,2025-10-03
74,Customer_0074,Raipur,Chhattisgarh,2023-04-06
75,Customer_0075,Kolkata,West Bengal,2026-01-16
76,Customer_0076,Mumbai,Maharashtra,2026-01-06
77,Customer_0077,Hyderabad,Telangana,2026-02-17
78,Customer_0078,Noida,Uttar Pradesh,2025-03-24
79,Customer_0079,Mumbai,Maharashtra,2024-05-05
80,Customer_0080,Surat,Gujarat,2024-03-27
81,Customer_0081,Delhi,Delhi,2023-06-14
82,Customer_0082,Ahmedabad,Gujarat,2023-07-01
83,Customer_0083,Patna,Bihar,2024-04-13
84,Customer_0084,Bhopal,Madhya Pradesh,2025-06-28
85,Customer_0085,Delhi,Delhi,2025-01-04
86,Customer_0086,Nagpur,Maharashtra,2025-04-02
87,Customer_0087,Nagpur,Maharashtra,2025-08-01
88,Customer_0088,Mumbai,Maharashtra,2023-01-07
89,Customer_0089,Mysuru,Karnataka,2023-11-26
90,Customer_0090,Jaipur,Rajasthan,2025-02-13
91,Customer_0091,Hyderabad,Telangana,2023-05-31
92,Customer_0092,Noida,Uttar Pradesh,2026-01-13
93,Customer_0093,Hyderabad,Telangana,2023-05-27
94,Customer_0094,Noida,Uttar Pradesh,2025-07-03
95,Customer_0095,Delhi,Delhi,2024-11-30
96,Customer_0096,Surat,Gujarat,2023-03-23
97,Customer_0097,Pune,Maharashtra,2024-05-28
98,Customer_0098,Mumbai,Maharashtra,2025-03-25
99,Customer_0099,Indore,Madhya Pradesh,2024-12-09
100,Customer_0100,Mysuru,Karnataka,2025-01-15
101,Customer_0101,Nagpur,Maharashtra,2025-10-19
102,Customer_0102,Surat,Gujarat,2024-12-07
103,Customer_0103,Delhi,Delhi,2024-04-15
104,Customer_0104,Nagpur,Maharashtra,2026-02-16
105,Customer_0105,Mumbai,Maharashtra,2024-01-31
106,Customer_0106,Nagpur,Maharashtra,2023-09-18
107,Customer_0107,Mysuru,Karnataka,2025-03-15
108,Customer_0108,Raipur,Chhattisgarh,2025-07-22
109,Customer_0109,Bhubaneswar,Odisha,2025-06-23
110,Customer_0110,Nagpur,Maharashtra,2025-12-12
111,Customer_0111,Mumbai,Maharashtra,2025-07-28
112,Customer_0112,Mysuru,Karnataka,2025-05-03
113,Customer_0113,Bhubaneswar,Odisha,2024-08-15
114,Customer_0114,Hyderabad,Telangana,2024-12-14
115,Customer_0115,Noida,Uttar Pradesh,2026-03-27
116,Customer_0116,Raipur,Chhattisgarh,2024-09-23
117,Customer_0117,Raipur,Chhattisgarh,2023-02-28
118,Customer_0118,Jaipur,Rajasthan,2023-05-08
119,Customer_0119,Kolkata,West Bengal,2025-01-05
120,Customer_0120,Patna,Bihar,2024-12-21
121,Customer_0121,Hyderabad,Telangana,2026-02-12
122,Customer_0122,Bhopal,Madhya Pradesh,2024-06-09
123,Customer_0123,Kochi,Kerala,2024-06-04
124,Customer_0124,Bengaluru,Karnataka,2024-07-05
125,Customer_0125,Mysuru,Karnataka,2023-08-25
126,Customer_0126,Hyderabad,Telangana,2024-05-08
127,Customer_0127,Kolkata,West Bengal,2023-01-04
128,Customer_0128,Raipur,Chhattisgarh,2024-10-27
129,Customer_0129,Ahmedabad,Gujarat,2024-03-17
130,Customer_0130,Bengaluru,Karnataka,2023-01-29
131,Customer_0131,Kolkata,West Bengal,2026-02-06
132,Customer_0132,Hyderabad,Telangana,2024-09-01
133,Customer_0133,Patna,Bihar,2025-03-15
134,Customer_0134,Pune,Maharashtra,2023-03-16
135,Customer_0135,Jaipur,Rajasthan,2025-04-17
136,Customer_0136,Kolkata,West Bengal,2026-03-15
137,Customer_0137,Chennai,Tamil Nadu,2023-05-08
138,Customer_0138,Surat,Gujarat,2023-02-11
139,Customer_0139,Surat,Gujarat,2023-02-10
140,Customer_0140,Kochi,Kerala,2025-07-22
141,Customer_0141,Ahmedabad,Gujarat,2023-02-03
142,Customer_0142,Hyderabad,Telangana,2025-11-06
143,Customer_0143,Mumbai,Maharashtra,2026-03-22
144,Customer_0144,Mumbai,Maharashtra,2025-09-24
145,Customer_0145,Kochi,Kerala,2024-08-10
146,Customer_0146,Kolkata,West Bengal,2023-12-08
147,Customer_0147,Noida,Uttar Pradesh,2023-01-27
148,Customer_0148,Nagpur,Maharashtra,2024-10-07
149,Customer_0149,Hyderabad,Telangana,2024-12-31
150,Customer_0150,Chennai,Tamil Nadu,2023-06-17
151,Customer_0151,Delhi,Delhi,2024-09-01
152,Customer_0152,Noida,Uttar Pradesh,2023-09-25
153,Customer_0153,Mysuru,Karnataka,2025-03-31
154,Customer_0154,Mumbai,Maharashtra,2024-03-30
155,Customer_0155,Patna,Bihar,2025-06-24
156,Customer_0156,Jaipur,Rajasthan,2025-07-10
157,Customer_0157,Surat,Gujarat,2025-09-07
158,Customer_0158,Raipur,Chhattisgarh,2024-12-02
159,Customer_0159,Noida,Uttar Pradesh,2024-09-25
160,Customer_0160,Kochi,Kerala,2023-05-10
161,Customer_0161,Bhopal,Madhya Pradesh,2025-10-16
162,Customer_0162,Bhopal,Madhya Pradesh,2025-03-29
163,Customer_0163,Kochi,Kerala,2024-11-23
164,Customer_0164,Surat,Gujarat,2025-03-04
165,Customer_0165,Hyderabad,Telangana,2023-01-29
166,Customer_0166,Pune,Maharashtra,2023-05-29
167,Customer_0167,Nagpur,Maharashtra,2023-01-11
168,Customer_0168,Bhopal,Madhya Pradesh,2024-11-06
169,Customer_0169,Mysuru,Karnataka,2026-02-10
170,Customer_0170,Bhopal,Madhya Pradesh,2023-07-06
171,Customer_0171,Bhopal,Madhya Pradesh,2025-03-17
172,Customer_0172,Bhopal,Madhya Pradesh,2025-01-13
173,Customer_0173,Pune,Maharashtra,2023-04-08
174,Customer_0174,Pune,Maharashtra,2023-02-24
175,Customer_0175,Mysuru,Karnataka,2024-09-14
176,Customer_0176,Mumbai,Maharashtra,2024-10-25
177,Customer_0177,Mumbai,Maharashtra,2025-01-27
178,Customer_0178,Patna,Bihar,2024-02-10
179,Customer_0179,Pune,Maharashtra,2023-03-10
180,Customer_0180,Surat,Gujarat,2025-01-20
181,Customer_0181,Chennai,Tamil Nadu,2026-03-17
182,Customer_0182,Bengaluru,Karnataka,2025-08-15
183,Customer_0183,Ahmedabad,Gujarat,2023-12-31
184,Customer_0184,Bhopal,Madhya Pradesh,2024-04-26
185,Customer_0185,Chennai,Tamil Nadu,2023-07-20
186,Customer_0186,Mysuru,Karnataka,2023-06-03
187,Customer_0187,Kochi,Kerala,2023-03-14
188,Customer_0188,Pune,Maharashtra,2024-12-13
189,Customer_0189,Chennai,Tamil Nadu,2023-10-23
190,Customer_0190,Ahmedabad,Gujarat,2025-11-06
191,Customer_0191,Indore,Madhya Pradesh,2023-03-02
192,Customer_0192,Indore,Madhya Pradesh,2025-07-27
193,Customer_0193,Mumbai,Maharashtra,2023-02-11
194,Customer_0194,Noida,Uttar Pradesh,2023-01-25
195,Customer_0195,Chennai,Tamil Nadu,2025-11-28
196,Customer_0196,Indore,Madhya Pradesh,2023-05-11
197,Customer_0197,Nagpur,Maharashtra,2023-04-18
198,Customer_0198,Kochi,Kerala,2023-06-21
199,Customer_0199,Bengaluru,Karnataka,2023-04-12
200,Customer_0200,Patna,Bihar,2025-05-15
201,Customer_0201,Nagpur,Maharashtra,2024-06-07
202,Customer_0202,Patna,Bihar,2023-10-02
203,Customer_0203,Kochi,Kerala,2025-12-03
204,Customer_0204,Hyderabad,Telangana,2025-03-27
205,Customer_0205,Kochi,Kerala,2025-08-14
206,Customer_0206,Noida,Uttar Pradesh,2025-11-06
207,Customer_0207,Mumbai,Maharashtra,2023-11-26
208,Customer_0208,Delhi,Delhi,2023-01-12
209,Customer_0209,Hyderabad,Telangana,2023-08-04
210,Customer_0210,Lucknow,Uttar Pradesh,2023-12-05
211,Customer_0211,Delhi,Delhi,2024-10-22
212,Customer_0212,Mumbai,Maharashtra,2026-01-09
213,Customer_0213,Ahmedabad,Gujarat,2024-01-09
214,Customer_0214,Lucknow,Uttar Pradesh,2025-09-02
215,Customer_0215,Jaipur,Rajasthan,2024-12-10
216,Customer_0216,Nagpur,Maharashtra,2024-04-10
217,Customer_0217,Hyderabad,Telangana,2026-01-17
218,Customer_0218,Indore,Madhya Pradesh,2024-05-03
219,Customer_0219,Indore,Madhya Pradesh,2023-02-16
220,Customer_0220,Kochi,Kerala,2025-02-16
221,Customer_0221,Bhopal,Madhya Pradesh,2025-11-05
222,Customer_0222,Pune,Maharashtra,2024-12-11
223,Customer_0223,Mumbai,Maharashtra,2024-02-05
224,Customer_0224,Indore,Madhya Pradesh,2025-09-07
225,Customer_0225,Surat,Gujarat,2026-01-14
226,Customer_0226,Mysuru,Karnataka,2023-09-07
227,Customer_0227,Mysuru,Karnataka,2024-01-26
228,Customer_0228,Noida,Uttar Pradesh,2023-12-01
229,Customer_0229,Noida,Uttar Pradesh,2024-09-20
230,Customer_0230,Nagpur,Maharashtra,2023-05-17
231,Customer_0231,Patna,Bihar,2025-06-01
232,Customer_0232,Indore,Madhya Pradesh,2024-11-18
233,Customer_0233,Indore,Madhya Pradesh,2025-04-06
234,Customer_0234,Nagpur,Maharashtra,2024-12-27
235,Customer_0235,Kochi,Kerala,2024-08-16
236,Customer_0236,Mumbai,Maharashtra,2025-09-16
237,Customer_0237,Kochi,Kerala,2024-01-07
238,Customer_0238,Ahmedabad,Gujarat,2025-07-23
239,Customer_0239,Bhopal,Madhya Pradesh,2025-09-21
240,Customer_0240,Delhi,Delhi,2024-02-06
241,Customer_0241,Bengaluru,Karnataka,2024-09-06
242,Customer_0242,Chennai,Tamil Nadu,2026-03-28
243,Customer_0243,Delhi,Delhi,2026-03-21
244,Customer_0244,Kochi,Kerala,2025-09-21
245,Customer_0245,Nagpur,Maharashtra,2024-09-11
246,Customer_0246,Indore,Madhya Pradesh,2023-07-07
247,Customer_0247,Nagpur,Maharashtra,2026-01-26
248,Customer_0248,Lucknow,Uttar Pradesh,2023-05-11
249,Customer_0249,Bhubaneswar,Odisha,2025-03-15
250,Customer_0250,Lucknow,Uttar Pradesh,2026-04-09
251,Customer_0251,Pune,Maharashtra,2025-07-24
252,Customer_0252,Nagpur,Maharashtra,2025-09-12
253,Customer_0253,Indore,Madhya Pradesh,2023-07-02
254,Customer_0254,Noida,Uttar Pradesh,2025-09-09
255,Customer_0255,Bengaluru,Karnataka,2023-12-30
256,Customer_0256,Mumbai,Maharashtra,2023-02-08
257,Customer_0257,Bengaluru,Karnataka,2024-05-11
258,Customer_0258,Mumbai,Maharashtra,2025-09-08
259,Customer_0259,Bhubaneswar,Odisha,2025-07-09
260,Customer_0260,Indore,Madhya Pradesh,2024-12-22
261,Customer_0261,Kochi,Kerala,2026-03-30
262,Customer_0262,Delhi,Delhi,2023-01-16
263,Customer_0263,Hyderabad,Telangana,2024-05-07
264,Customer_0264,Nagpur,Maharashtra,2026-02-05
265,Customer_0265,Bhopal,Madhya Pradesh,2025-06-12
266,Customer_0266,Mumbai,Maharashtra,2023-11-07
267,Customer_0267,Indore,Madhya Pradesh,2025-01-08
268,Customer_0268,Surat,Gujarat,2026-04-08
269,Customer_0269,Patna,Bihar,2024-06-29
270,Customer_0270,Bhubaneswar,Odisha,2024-02-18
271,Customer_0271,Chennai,Tamil Nadu,2023-09-08
272,Customer_0272,Chennai,Tamil Nadu,2025-01-28
273,Customer_0273,Kolkata,West Bengal,2026-03-10
274,Customer_0274,Patna,Bihar,2025-11-28
275,Customer_0275,Delhi,Delhi,2025-03-24
276,Customer_0276,Pune,Maharashtra,2023-01-29
277,Customer_0277,Mumbai,Maharashtra,2025-08-15
278,Customer_0278,Raipur,Chhattisgarh,2024-04-21
279,Customer_0279,Mumbai,Maharashtra,2023-11-14
280,Customer_0280,Mysuru,Karnataka,2023-09-02
281,Customer_0281,Indore,Madhya Pradesh,2025-01-17
282,Customer_0282,Patna,Bihar,2024-11-27
283,Customer_0283,Bengaluru,Karnataka,2023-09-29
284,Customer_0284,Nagpur,Maharashtra,2024-01-12
285,Customer_0285,Bhopal,Madhya Pradesh,2023-09-23
286,Customer_0286,Bhopal,Madhya Pradesh,2025-07-14
287,Customer_0287,Surat,Gujarat,2025-07-09
288,Customer_0288,Bhubaneswar,Odisha,2023-12-06
289,Customer_0289,Chennai,Tamil Nadu,2024-01-24
290,Customer_0290,Nagpur,Maharashtra,2024-07-30
291,Customer_0291,Noida,Uttar Pradesh,2023-01-03
292,Customer_0292,Mysuru,Karnataka,2026-03-11
293,Customer_0293,Bhopal,Madhya Pradesh,2024-01-11
294,Customer_0294,Bhubaneswar,Odisha,2023-11-20
295,Customer_0295,Nagpur,Maharashtra,2023-05-26
296,Customer_0296,Mumbai,Maharashtra,2023-10-20
297,Customer_0297,Kochi,Kerala,2024-03-07
298,Customer_0298,Mumbai,Maharashtra,2024-12-05
299,Customer_0299,Nagpur,Maharashtra,2025-08-06
300,Customer_0300,Lucknow,Uttar Pradesh,2024-08-07
301,Customer_0301,Jaipur,Rajasthan,2024-02-03
302,Customer_0302,Nagpur,Maharashtra,2025-03-27
303,Customer_0303,Delhi,Delhi,2025-08-21
304,Customer_0304,Bhubaneswar,Odisha,2026-03-09
305,Customer_0305,Lucknow,Uttar Pradesh,2023-07-06
306,Customer_0306,Raipur,Chhattisgarh,2023-03-02
307,Customer_0307,Pune,Maharashtra,2025-07-27
308,Customer_0308,Jaipur,Rajasthan,2024-12-10
309,Customer_0309,Pune,Maharashtra,2025-03-17
310,Customer_0310,Bhopal,Madhya Pradesh,2023-01-11
311,Customer_0311,Delhi,Delhi,2025-12-21
312,Customer_0312,Mumbai,Maharashtra,2023-08-14
313,Customer_0313,Noida,Uttar Pradesh,2026-03-22
314,Customer_0314,Ahmedabad,Gujarat,2024-07-17
315,Customer_0315,Indore,Madhya Pradesh,2025-02-10
316,Customer_0316,Hyderabad,Telangana,2025-06-03
317,Customer_0317,Jaipur,Rajasthan,2026-02-04
318,Customer_0318,Nagpur,Maharashtra,2023-08-14
319,Customer_0319,Lucknow,Uttar Pradesh,2025-04-04
320,Customer_0320,Kolkata,West Bengal,2023-08-06
321,Customer_0321,Hyderabad,Telangana,2025-07-25
322,Customer_0322,Bengaluru,Karnataka,2025-01-22
323,Customer_0323,Kolkata,West Bengal,2024-05-20
324,Customer_0324,Kochi,Kerala,2023-09-16
325,Customer_0325,Mumbai,Maharashtra,2023-02-23
326,Customer_0326,Delhi,Delhi,2025-12-06
327,Customer_0327,Bhubaneswar,Odisha,2024-12-27
328,Customer_0328,Indore,Madhya Pradesh,2024-11-19
329,Customer_0329,Bhubaneswar,Odisha,2026-01-27
330,Customer_0330,Surat,Gujarat,2025-11-09
331,Customer_0331,Patna,Bihar,2024-02-23
332,Customer_0332,Raipur,Chhattisgarh,2024-11-20
333,Customer_0333,Pune,Maharashtra,2025-04-29
334,Customer_0334,Pune,Maharashtra,2023-03-03
335,Customer_0335,Patna,Bihar,2026-03-14
336,Customer_0336,Bhopal,Madhya Pradesh,2023-08-04
337,Customer_0337,Kochi,Kerala,2023-01-03
338,Customer_0338,Jaipur,Rajasthan,2023-06-09
339,Customer_0339,Chennai,Tamil Nadu,2025-02-19
340,Customer_0340,Raipur,Chhattisgarh,2026-02-17
341,Customer_0341,Ahmedabad,Gujarat,2025-06-11
342,Customer_0342,Mysuru,Karnataka,2026-01-17
343,Customer_0343,Mumbai,Maharashtra,2023-11-25
344,Customer_0344,Delhi,Delhi,2024-08-02
345,Customer_0345,Surat,Gujarat,2025-08-09
346,Customer_0346,Surat,Gujarat,2024-09-26
347,Customer_0347,Mysuru,Karnataka,2025-09-14
348,Customer_0348,Hyderabad,Telangana,2025-07-09
349,Customer_0349,Bengaluru,Karnataka,2025-01-07
350,Customer_0350,Chennai,Tamil Nadu,2023-06-19
351,Customer_0351,Kolkata,West Bengal,2024-06-04
352,Customer_0352,Kochi,Kerala,2023-02-09
353,Customer_0353,Raipur,Chhattisgarh,2025-08-12
354,Customer_0354,Nagpur,Maharashtra,2025-09-10
355,Customer_0355,Delhi,Delhi,2026-02-21
356,Customer_0356,Kochi,Kerala,2025-09-01
357,Customer_0357,Indore,Madhya Pradesh,2023-02-07
358,Customer_0358,Kolkata,West Bengal,2023-11-24
359,Customer_0359,Lucknow,Uttar Pradesh,2026-04-14
360,Customer_0360,Jaipur,Rajasthan,2025-07-02
361,Customer_0361,Patna,Bihar,2024-03-29
362,Customer_0362,Bhopal,Madhya Pradesh,2023-02-06
363,Customer_0363,Patna,Bihar,2025-08-30
364,Customer_0364,Mysuru,Karnataka,2025-03-06
365,Customer_0365,Noida,Uttar Pradesh,2025-08-30
366,Customer_0366,Surat,Gujarat,2024-08-15
367,Customer_0367,Mumbai,Maharashtra,2026-02-11
368,Customer_0368,Mumbai,Maharashtra,2025-11-29
369,Customer_0369,Raipur,Chhattisgarh,2023-08-12
370,Customer_0370,Pune,Maharashtra,2023-11-14
371,Customer_0371,Indore,Madhya Pradesh,2023-12-15
372,Customer_0372,Delhi,Delhi,2023-04-25
373,Customer_0373,Kolkata,West Bengal,2024-11-28
374,Customer_0374,Mumbai,Maharashtra,2025-11-29
375,Customer_0375,Indore,Madhya Pradesh,2023-02-09
376,Customer_0376,Hyderabad,Telangana,2023-08-04
377,Customer_0377,Mysuru,Karnataka,2026-03-16
378,Customer_0378,Nagpur,Maharashtra,2023-12-02
379,Customer_0379,Surat,Gujarat,2026-04-06
380,Customer_0380,Indore,Madhya Pradesh,2023-04-02
381,Customer_0381,Patna,Bihar,2023-12-19
382,Customer_0382,Mysuru,Karnataka,2024-07-24
383,Customer_0383,Bhubaneswar,Odisha,2025-03-26
384,Customer_0384,Mysuru,Karnataka,2025-02-19
385,Customer_0385,Raipur,Chhattisgarh,2023-12-29
386,Customer_0386,Bhopal,Madhya Pradesh,2024-07-10
387,Customer_0387,Bhubaneswar,Odisha,2026-04-08
388,Customer_0388,Kochi,Kerala,2023-12-22
389,Customer_0389,Mysuru,Karnataka,2023-07-10
390,Customer_0390,Surat,Gujarat,2024-02-26
391,Customer_0391,Indore,Madhya Pradesh,2024-11-30
392,Customer_0392,Indore,Madhya Pradesh,2023-01-07
393,Customer_0393,Hyderabad,Telangana,2023-05-13
394,Customer_0394,Bengaluru,Karnataka,2024-07-10
395,Customer_0395,Mumbai,Maharashtra,2025-04-05
396,Customer_0396,Mysuru,Karnataka,2025-01-30
397,Customer_0397,Jaipur,Rajasthan,2025-11-20
398,Customer_0398,Mysuru,Karnataka,2024-06-18
399,Customer_0399,Bengaluru,Karnataka,2024-03-01
400,Customer_0400,Pune,Maharashtra,2024-11-02
401,Customer_0401,Kochi,Kerala,2023-12-29
402,Customer_0402,Jaipur,Rajasthan,2023-03-23
403,Customer_0403,Patna,Bihar,2023-12-22
404,Customer_0404,Mumbai,Maharashtra,2024-08-11
405,Customer_0405,Mysuru,Karnataka,2023-10-22
406,Customer_0406,Kolkata,West Bengal,2025-12-05
407,Customer_0407,Bengaluru,Karnataka,2026-02-10
408,Customer_0408,Indore,Madhya Pradesh,2023-01-17
409,Customer_0409,Indore,Madhya Pradesh,2023-12-26
410,Customer_0410,Pune,Maharashtra,2025-05-15
411,Customer_0411,Bhopal,Madhya Pradesh,2024-11-30
412,Customer_0412,Kochi,Kerala,2024-03-23
413,Customer_0413,Surat,Gujarat,2025-05-05
414,Customer_0414,Lucknow,Uttar Pradesh,2023-12-31
415,Customer_0415,Nagpur,Maharashtra,2024-11-05
416,Customer_0416,Mumbai,Maharashtra,2025-10-04
417,Customer_0417,Mumbai,Maharashtra,2024-04-11
418,Customer_0418,Patna,Bihar,2024-02-18
419,Customer_0419,Ahmedabad,Gujarat,2024-08-08
420,Customer_0420,Mysuru,Karnataka,2025-09-20
421,Customer_0421,Surat,Gujarat,2024-07-25
422,Customer_0422,Nagpur,Maharashtra,2023-12-01
423,Customer_0423,Mumbai,Maharashtra,2023-02-06
424,Customer_0424,Mumbai,Maharashtra,2025-09-15
425,Customer_0425,Delhi,Delhi,2023-10-05
426,Customer_0426,Jaipur,Rajasthan,2025-07-04
427,Customer_0427,Ahmedabad,Gujarat,2024-04-28
428,Customer_0428,Surat,Gujarat,2024-12-31
429,Customer_0429,Kolkata,West Bengal,2023-07-11
430,Customer_0430,Surat,Gujarat,2025-11-06
431,Customer_0431,Bhubaneswar,Odisha,2024-06-07
432,Customer_0432,Pune,Maharashtra,2025-07-06
433,Customer_0433,Patna,Bihar,2024-02-05
434,Customer_0434,Lucknow,Uttar Pradesh,2025-06-04
435,Customer_0435,Nagpur,Maharashtra,2024-12-05
436,Customer_0436,Bhopal,Madhya Pradesh,2023-01-22
437,Customer_0437,Delhi,Delhi,2024-04-18
438,Customer_0438,Jaipur,Rajasthan,2026-02-17
439,Customer_0439,Pune,Maharashtra,2023-07-29
440,Customer_0440,Patna,Bihar,2023-11-02
441,Customer_0441,Noida,Uttar Pradesh,2024-12-04
442,Customer_0442,Hyderabad,Telangana,2024-11-17
443,Customer_0443,Bengaluru,Karnataka,2023-10-12
444,Customer_0444,Lucknow,Uttar Pradesh,2024-12-16
445,Customer_0445,Kolkata,West Bengal,2025-02-01
446,Customer_0446,Ahmedabad,Gujarat,2025-08-05
447,Customer_0447,Bengaluru,Karnataka,2024-01-16
448,Customer_0448,Bengaluru,Karnataka,2024-04-04
449,Customer_0449,Jaipur,Rajasthan,2025-10-27
450,Customer_0450,Mysuru,Karnataka,2023-01-29
451,Customer_0451,Noida,Uttar Pradesh,2025-06-25
452,Customer_0452,Nagpur,Maharashtra,2025-11-22
453,Customer_0453,Bhopal,Madhya Pradesh,2025-05-28
454,Customer_0454,Nagpur,Maharashtra,2023-03-20
455,Customer_0455,Indore,Madhya Pradesh,2025-08-04
456,Customer_0456,Bengaluru,Karnataka,2024-04-03
457,Customer_0457,Lucknow,Uttar Pradesh,2024-07-23
458,Customer_0458,Bhopal,Madhya Pradesh,2025-01-07
459,Customer_0459,Hyderabad,Telangana,2024-05-30
460,Customer_0460,Mysuru,Karnataka,2026-01-27
461,Customer_0461,Surat,Gujarat,2024-02-01
462,Customer_0462,Bhopal,Madhya Pradesh,2023-02-08
463,Customer_0463,Kolkata,West Bengal,2025-06-05
464,Customer_0464,Nagpur,Maharashtra,2025-03-07
465,Customer_0465,Noida,Uttar Pradesh,2023-06-06
466,Customer_0466,Bhopal,Madhya Pradesh,2026-01-03
467,Customer_0467,Bhopal,Madhya Pradesh,2025-06-02
468,Customer_0468,Kochi,Kerala,2026-02-27
469,Customer_0469,Indore,Madhya Pradesh,2025-08-31
470,Customer_0470,Kolkata,West Bengal,2026-01-12
471,Customer_0471,Patna,Bihar,2025-11-11
472,Customer_0472,Bhopal,Madhya Pradesh,2025-04-28
473,Customer_0473,Bengaluru,Karnataka,2025-01-17
474,Customer_0474,Surat,Gujarat,2025-09-15
475,Customer_0475,Noida,Uttar Pradesh,2023-01-21
476,Customer_0476,Patna,Bihar,2023-10-30
477,Customer_0477,Surat,Gujarat,2025-05-18
478,Customer_0478,Noida,Uttar Pradesh,2023-03-25
479,Customer_0479,Hyderabad,Telangana,2024-07-23
480,Customer_0480,Bhubaneswar,Odisha,2025-07-22
481,Customer_0481,Kochi,Kerala,2026-03-31
482,Customer_0482,Patna,Bihar,2026-04-01
483,Customer_0483,Raipur,Chhattisgarh,2025-10-05
484,Customer_0484,Indore,Madhya Pradesh,2025-03-03
485,Customer_0485,Mysuru,Karnataka,2025-03-02
486,Customer_0486,Nagpur,Maharashtra,2024-05-06
487,Customer_0487,Surat,Gujarat,2023-07-27
488,Customer_0488,Kochi,Kerala,2025-12-19
489,Customer_0489,Bengaluru,Karnataka,2024-03-05
490,Customer_0490,Indore,Madhya Pradesh,2025-09-11
491,Customer_0491,Hyderabad,Telangana,2024-06-03
492,Customer_0492,Kolkata,West Bengal,2024-08-13
493,Customer_0493,Jaipur,Rajasthan,2025-11-16
494,Customer_0494,Hyderabad,Telangana,2023-07-18
495,Customer_0495,Bhubaneswar,Odisha,2024-01-22
496,Customer_0496,Mysuru,Karnataka,2023-12-15
497,Customer_0497,Nagpur,Maharashtra,2025-08-17
498,Customer_0498,Ahmedabad,Gujarat,2024-11-23
499,Customer_0499,Ahmedabad,Gujarat,2024-01-13
500,Customer_0500,Lucknow,Uttar Pradesh,2025-06-17
501,Customer_0501,Raipur,Chhattisgarh,2025-07-04
502,Customer_0502,Surat,Gujarat,2024-06-10
503,Customer_0503,Noida,Uttar Pradesh,2026-03-22
504,Customer_0504,Jaipur,Rajasthan,2025-01-03
505,Customer_0505,Surat,Gujarat,2023-07-25
506,Customer_0506,Bhopal,Madhya Pradesh,2024-03-30
507,Customer_0507,Chennai,Tamil Nadu,2024-06-04
508,Customer_0508,Hyderabad,Telangana,2025-10-13
509,Customer_0509,Bhubaneswar,Odisha,2025-08-13
510,Customer_0510,Kolkata,West Bengal,2024-12-26
511,Customer_0511,Delhi,Delhi,2025-10-10
512,Customer_0512,Jaipur,Rajasthan,2024-05-15
513,Customer_0513,Noida,Uttar Pradesh,2023-04-27
514,Customer_0514,Lucknow,Uttar Pradesh,2024-01-21
515,Customer_0515,Pune,Maharashtra,2024-08-06
516,Customer_0516,Mysuru,Karnataka,2024-01-30
517,Customer_0517,Mysuru,Karnataka,2025-12-23
518,Customer_0518,Chennai,Tamil Nadu,2024-12-21
519,Customer_0519,Patna,Bihar,2023-03-13
520,Customer_0520,Delhi,Delhi,2023-10-01
521,Customer_0521,Indore,Madhya Pradesh,2023-12-04
522,Customer_0522,Kolkata,West Bengal,2024-08-29
523,Customer_0523,Mumbai,Maharashtra,2023-06-15
524,Customer_0524,Kochi,Kerala,2023-01-11
525,Customer_0525,Bhopal,Madhya Pradesh,2024-12-29
526,Customer_0526,Hyderabad,Telangana,2025-03-11
527,Customer_0527,Kolkata,West Bengal,2023-04-12
528,Customer_0528,Bengaluru,Karnataka,2025-02-17
529,Customer_0529,Bengaluru,Karnataka,2023-08-02
530,Customer_0530,Chennai,Tamil Nadu,2026-01-16
531,Customer_0531,Patna,Bihar,2024-02-05
532,Customer_0532,Surat,Gujarat,2024-08-10
533,Customer_0533,Hyderabad,Telangana,2025-06-07
534,Customer_0534,Jaipur,Rajasthan,2025-12-05
535,Customer_0535,Patna,Bihar,2024-08-14
536,Customer_0536,Hyderabad,Telangana,2026-01-14
537,Customer_0537,Nagpur,Maharashtra,2023-04-02
538,Customer_0538,Kolkata,West Bengal,2024-11-03
539,Customer_0539,Kolkata,West Bengal,2024-12-14
540,Customer_0540,Lucknow,Uttar Pradesh,2025-07-24
541,Customer_0541,Kochi,Kerala,2023-08-30
542,Customer_0542,Delhi,Delhi,2023-01-02
543,Customer_0543,Noida,Uttar Pradesh,2023-08-13
544,Customer_0544,Hyderabad,Telangana,2025-03-11
545,Customer_0545,Mumbai,Maharashtra,2024-08-11
546,Customer_0546,Nagpur,Maharashtra,2023-04-26
547,Customer_0547,Kolkata,West Bengal,2025-07-06
548,Customer_0548,Bhopal,Madhya Pradesh,2026-01-31
549,Customer_0549,Mumbai,Maharashtra,2023-07-13
550,Customer_0550,Chennai,Tamil Nadu,2026-04-04
551,Customer_0551,Chennai,Tamil Nadu,2025-05-20
552,Customer_0552,Surat,Gujarat,2023-03-31
553,Customer_0553,Kolkata,West Bengal,2023-05-02
554,Customer_0554,Kolkata,West Bengal,2023-05-23
555,Customer_0555,Raipur,Chhattisgarh,2025-09-20
556,Customer_0556,Indore,Madhya Pradesh,2023-04-16
557,Customer_0557,Ahmedabad,Gujarat,2025-06-05
558,Customer_0558,Mysuru,Karnataka,2024-03-03
559,Customer_0559,Bengaluru,Karnataka,2023-11-13
560,Customer_0560,Nagpur,Maharashtra,2024-09-26
561,Customer_0561,Patna,Bihar,2023-01-09
562,Customer_0562,Kochi,Kerala,2025-02-12
563,Customer_0563,Lucknow,Uttar Pradesh,2026-01-01
564,Customer_0564,Raipur,Chhattisgarh,2023-08-11
565,Customer_0565,Noida,Uttar Pradesh,2024-07-06
566,Customer_0566,Bhopal,Madhya Pradesh,2024-12-16
567,Customer_0567,Bhubaneswar,Odisha,2026-01-12
568,Customer_0568,Raipur,Chhattisgarh,2023-04-21
569,Customer_0569,Mumbai,Maharashtra,2023-09-08
570,Customer_0570,Nagpur,Maharashtra,2024-01-18
571,Customer_0571,Indore,Madhya Pradesh,2023-01-07
572,Customer_0572,Ahmedabad,Gujarat,2024-04-03
573,Customer_0573,Surat,Gujarat,2026-01-12
574,Customer_0574,Jaipur,Rajasthan,2023-07-27
575,Customer_0575,Indore,Madhya Pradesh,2025-06-18
576,Customer_0576,Delhi,Delhi,2023-01-22
577,Customer_0577,Chennai,Tamil Nadu,2024-02-14
578,Customer_0578,Surat,Gujarat,2025-06-13
579,Customer_0579,Delhi,Delhi,2024-05-29
580,Customer_0580,Bengaluru,Karnataka,2026-02-24
581,Customer_0581,Delhi,Delhi,2025-03-19
582,Customer_0582,Lucknow,Uttar Pradesh,2025-05-23
583,Customer_0583,Mysuru,Karnataka,2023-01-14
584,Customer_0584,Noida,Uttar Pradesh,2025-08-28
585,Customer_0585,Bengaluru,Karnataka,2025-09-04
586,Customer_0586,Bhopal,Madhya Pradesh,2025-10-10
587,Customer_0587,Noida,Uttar Pradesh,2025-11-01
588,Customer_0588,Mumbai,Maharashtra,2023-03-28
589,Customer_0589,Kochi,Kerala,2025-06-27
590,Customer_0590,Kolkata,West Bengal,2023-05-02
591,Customer_0591,Indore,Madhya Pradesh,2026-03-16
592,Customer_0592,Kolkata,West Bengal,2025-01-19
593,Customer_0593,Bhubaneswar,Odisha,2024-11-15
594,Customer_0594,Nagpur,Maharashtra,2023-11-05
595,Customer_0595,Chennai,Tamil Nadu,2024-11-25
596,Customer_0596,Lucknow,Uttar Pradesh,2023-10-15
597,Customer_0597,Patna,Bihar,2023-11-03
598,Customer_0598,Mysuru,Karnataka,2025-07-02
599,Customer_0599,Raipur,Chhattisgarh,2024-10-23
600,Customer_0600,Pune,Maharashtra,2024-07-02
601,Customer_0601,Jaipur,Rajasthan,2023-11-08
602,Customer_0602,Lucknow,Uttar Pradesh,2025-05-22
603,Customer_0603,Kolkata,West Bengal,2025-12-18
604,Customer_0604,Mysuru,Karnataka,2025-07-12
605,Customer_0605,Mumbai,Maharashtra,2025-01-24
606,Customer_0606,Mumbai,Maharashtra,2023-02-04
607,Customer_0607,Lucknow,Uttar Pradesh,2024-03-20
608,Customer_0608,Raipur,Chhattisgarh,2023-04-03
609,Customer_0609,Bhopal,Madhya Pradesh,2023-12-19
610,Customer_0610,Ahmedabad,Gujarat,2025-06-21
611,Customer_0611,Bhopal,Madhya Pradesh,2025-05-11
612,Customer_0612,Kolkata,West Bengal,2023-06-08
613,Customer_0613,Mumbai,Maharashtra,2025-08-14
614,Customer_0614,Pune,Maharashtra,2023-01-24
615,Customer_0615,Noida,Uttar Pradesh,2024-02-08
616,Customer_0616,Nagpur,Maharashtra,2025-03-15
617,Customer_0617,Mumbai,Maharashtra,2024-05-30
618,Customer_0618,Indore,Madhya Pradesh,2025-01-01
619,Customer_0619,Chennai,Tamil Nadu,2024-06-15
620,Customer_0620,Bhopal,Madhya Pradesh,2025-08-13
621,Customer_0621,Mysuru,Karnataka,2023-06-01
622,Customer_0622,Mysuru,Karnataka,2025-08-04
623,Customer_0623,Chennai,Tamil Nadu,2024-08-30
624,Customer_0624,Nagpur,Maharashtra,2024-02-24
625,Customer_0625,Mysuru,Karnataka,2026-02-14
626,Customer_0626,Mysuru,Karnataka,2025-05-15
627,Customer_0627,Jaipur,Rajasthan,2024-07-31
628,Customer_0628,Jaipur,Rajasthan,2023-12-01
629,Customer_0629,Patna,Bihar,2025-07-20
630,Customer_0630,Bhopal,Madhya Pradesh,2023-10-22
631,Customer_0631,Bhubaneswar,Odisha,2025-01-24
632,Customer_0632,Noida,Uttar Pradesh,2023-07-05
633,Customer_0633,Bhubaneswar,Odisha,2024-09-28
634,Customer_0634,Mumbai,Maharashtra,2024-06-13
635,Customer_0635,Patna,Bihar,2023-01-21
636,Customer_0636,Kolkata,West Bengal,2025-06-29
637,Customer_0637,Kolkata,West Bengal,2025-05-16
638,Customer_0638,Bengaluru,Karnataka,2025-03-04
639,Customer_0639,Mumbai,Maharashtra,2023-04-10
640,Customer_0640,Bhopal,Madhya Pradesh,2025-01-21
641,Customer_0641,Delhi,Delhi,2024-04-22
642,Customer_0642,Pune,Maharashtra,2025-07-28
643,Customer_0643,Delhi,Delhi,2024-06-09
644,Customer_0644,Hyderabad,Telangana,2023-11-30
645,Customer_0645,Pune,Maharashtra,2023-01-02
646,Customer_0646,Nagpur,Maharashtra,2024-01-10
647,Customer_0647,Lucknow,Uttar Pradesh,2023-10-20
648,Customer_0648,Surat,Gujarat,2025-04-16
649,Customer_0649,Mumbai,Maharashtra,2025-10-01
650,Customer_0650,Surat,Gujarat,2024-07-06
651,Customer_0651,Mysuru,Karnataka,2023-11-14
652,Customer_0652,Bhopal,Madhya Pradesh,2024-01-16
653,Customer_0653,Indore,Madhya Pradesh,2023-01-14
654,Customer_0654,Raipur,Chhattisgarh,2024-05-18
655,Customer_0655,Raipur,Chhattisgarh,2023-08-19
656,Customer_0656,Mysuru,Karnataka,2026-01-12
657,Customer_0657,Bhubaneswar,Odisha,2023-05-10
658,Customer_0658,Pune,Maharashtra,2025-04-17
659,Customer_0659,Ahmedabad,Gujarat,2026-03-14
660,Customer_0660,Patna,Bihar,2025-06-09
661,Customer_0661,Hyderabad,Telangana,2023-01-28
662,Customer_0662,Chennai,Tamil Nadu,2023-03-07
663,Customer_0663,Pune,Maharashtra,2026-04-01
664,Customer_0664,Chennai,Tamil Nadu,2023-09-18
665,Customer_0665,Lucknow,Uttar Pradesh,2024-04-04
666,Customer_0666,Pune,Maharashtra,2023-10-28
667,Customer_0667,Lucknow,Uttar Pradesh,2025-07-07
668,Customer_0668,Raipur,Chhattisgarh,2023-10-14
669,Customer_0669,Patna,Bihar,2025-10-30
670,Customer_0670,Pune,Maharashtra,2024-09-21
671,Customer_0671,Kochi,Kerala,2023-09-27
672,Customer_0672,Chennai,Tamil Nadu,2024-08-14
673,Customer_0673,Mumbai,Maharashtra,2025-04-23
674,Customer_0674,Raipur,Chhattisgarh,2025-05-11
675,Customer_0675,Jaipur,Rajasthan,2023-05-13
676,Customer_0676,Patna,Bihar,2025-08-29
677,Customer_0677,Bhopal,Madhya Pradesh,2024-05-27
678,Customer_0678,Mysuru,Karnataka,2023-11-09
679,Customer_0679,Bengaluru,Karnataka,2024-07-29
680,Customer_0680,Jaipur,Rajasthan,2025-06-04
681,Customer_0681,Bhopal,Madhya Pradesh,2026-02-18
682,Customer_0682,Jaipur,Rajasthan,2026-02-04
683,Customer_0683,Bhopal,Madhya Pradesh,2024-11-17
684,Customer_0684,Kochi,Kerala,2023-06-14
685,Customer_0685,Mysuru,Karnataka,2023-11-01
686,Customer_0686,Pune,Maharashtra,2023-06-05
687,Customer_0687,Chennai,Tamil Nadu,2024-09-11
688,Customer_0688,Pune,Maharashtra,2025-08-14
689,Customer_0689,Kolkata,West Bengal,2023-11-30
690,Customer_0690,Ahmedabad,Gujarat,2025-08-26
691,Customer_0691,Ahmedabad,Gujarat,2024-05-25
692,Customer_0692,Indore,Madhya Pradesh,2025-11-09
693,Customer_0693,Ahmedabad,Gujarat,2023-10-09
694,Customer_0694,Patna,Bihar,2025-03-07
695,Customer_0695,Raipur,Chhattisgarh,2025-10-21
696,Customer_0696,Indore,Madhya Pradesh,2023-04-29
697,Customer_0697,Ahmedabad,Gujarat,2025-11-24
698,Customer_0698,Indore,Madhya Pradesh,2023-07-17
699,Customer_0699,Delhi,Delhi,2024-04-29
700,Customer_0700,Bengaluru,Karnataka,2025-12-18
701,Customer_0701,Delhi,Delhi,2025-04-16
702,Customer_0702,Bengaluru,Karnataka,2026-03-30
703,Customer_0703,Nagpur,Maharashtra,2025-10-05
704,Customer_0704,Nagpur,Maharashtra,2024-11-21
705,Customer_0705,Lucknow,Uttar Pradesh,2025-11-01
706,Customer_0706,Patna,Bihar,2024-05-04
707,Customer_0707,Patna,Bihar,2023-10-03
708,Customer_0708,Mysuru,Karnataka,2024-11-23
709,Customer_0709,Lucknow,Uttar Pradesh,2023-08-30
710,Customer_0710,Jaipur,Rajasthan,2023-05-06
711,Customer_0711,Chennai,Tamil Nadu,2023-08-05
712,Customer_0712,Mumbai,Maharashtra,2025-11-28
713,Customer_0713,Mysuru,Karnataka,2024-05-09
714,Customer_0714,Noida,Uttar Pradesh,2024-03-02
715,Customer_0715,Surat,Gujarat,2025-07-07
716,Customer_0716,Bhubaneswar,Odisha,2023-05-31
717,Customer_0717,Pune,Maharashtra,2024-01-19
718,Customer_0718,Bhopal,Madhya Pradesh,2023-11-04
719,Customer_0719,Bhubaneswar,Odisha,2025-01-15
720,Customer_0720,Kolkata,West Bengal,2025-06-10
721,Customer_0721,Noida,Uttar Pradesh,2024-01-10
722,Customer_0722,Raipur,Chhattisgarh,2025-10-28
723,Customer_0723,Raipur,Chhattisgarh,2023-05-09
724,Customer_0724,Ahmedabad,Gujarat,2025-10-11
725,Customer_0725,Indore,Madhya Pradesh,2024-10-30
726,Customer_0726,Bhopal,Madhya Pradesh,2024-05-31
727,Customer_0727,Bengaluru,Karnataka,2023-03-27
728,Customer_0728,Mumbai,Maharashtra,2026-04-13
729,Customer_0729,Delhi,Delhi,2023-11-07
730,Customer_0730,Bhopal,Madhya Pradesh,2026-02-16
731,Customer_0731,Nagpur,Maharashtra,2024-03-02
732,Customer_0732,Kochi,Kerala,2023-04-24
733,Customer_0733,Raipur,Chhattisgarh,2026-03-14
734,Customer_0734,Raipur,Chhattisgarh,2023-10-30
735,Customer_0735,Bhubaneswar,Odisha,2025-01-13
736,Customer_0736,Bhubaneswar,Odisha,2024-08-10
737,Customer_0737,Pune,Maharashtra,2025-09-13
738,Customer_0738,Kolkata,West Bengal,2023-12-11
739,Customer_0739,Bhubaneswar,Odisha,2025-03-24
740,Customer_0740,Patna,Bihar,2025-03-11
741,Customer_0741,Hyderabad,Telangana,2025-10-21
742,Customer_0742,Nagpur,Maharashtra,2026-03-16
743,Customer_0743,Raipur,Chhattisgarh,2025-12-12
744,Customer_0744,Bhubaneswar,Odisha,2025-12-28
745,Customer_0745,Ahmedabad,Gujarat,2023-12-27
746,Customer_0746,Raipur,Chhattisgarh,2025-10-06
747,Customer_0747,Kolkata,West Bengal,2024-12-04
748,Customer_0748,Lucknow,Uttar Pradesh,2024-07-28
749,Customer_0749,Chennai,Tamil Nadu,2026-03-30
750,Customer_0750,Nagpur,Maharashtra,2026-01-17
751,Customer_0751,Patna,Bihar,2024-11-18
752,Customer_0752,Raipur,Chhattisgarh,2025-02-19
753,Customer_0753,Mysuru,Karnataka,2024-08-07
754,Customer_0754,Jaipur,Rajasthan,2024-08-11
755,Customer_0755,Hyderabad,Telangana,2026-03-28
756,Customer_0756,Bhopal,Madhya Pradesh,2024-05-03
757,Customer_0757,Hyderabad,Telangana,2025-08-28
758,Customer_0758,Surat,Gujarat,2026-01-30
759,Customer_0759,Bhopal,Madhya Pradesh,2024-05-08
760,Customer_0760,Kolkata,West Bengal,2023-01-19
761,Customer_0761,Kochi,Kerala,2024-02-01
762,Customer_0762,Bengaluru,Karnataka,2025-09-27
763,Customer_0763,Jaipur,Rajasthan,2025-04-30
764,Customer_0764,Nagpur,Maharashtra,2025-04-01
765,Customer_0765,Noida,Uttar Pradesh,2024-03-30
766,Customer_0766,Kolkata,West Bengal,2024-12-25
767,Customer_0767,Lucknow,Uttar Pradesh,2025-12-24
768,Customer_0768,Raipur,Chhattisgarh,2026-01-04
769,Customer_0769,Bengaluru,Karnataka,2024-12-11
770,Customer_0770,Raipur,Chhattisgarh,2023-05-23
771,Customer_0771,Pune,Maharashtra,2025-07-05
772,Customer_0772,Raipur,Chhattisgarh,2025-04-07
773,Customer_0773,Delhi,Delhi,2024-08-27
774,Customer_0774,Delhi,Delhi,2023-11-01
775,Customer_0775,Bhopal,Madhya Pradesh,2025-01-05
776,Customer_0776,Surat,Gujarat,2023-10-18
777,Customer_0777,Patna,Bihar,2023-04-12
778,Customer_0778,Jaipur,Rajasthan,2025-05-16
779,Customer_0779,Noida,Uttar Pradesh,2025-08-25
780,Customer_0780,Mysuru,Karnataka,2025-08-31
781,Customer_0781,Chennai,Tamil Nadu,2025-04-21
782,Customer_0782,Kochi,Kerala,2025-08-19
783,Customer_0783,Pune,Maharashtra,2025-07-30
784,Customer_0784,Kolkata,West Bengal,2025-10-23
785,Customer_0785,Chennai,Tamil Nadu,2023-03-26
786,Customer_0786,Mysuru,Karnataka,2023-11-24
787,Customer_0787,Mumbai,Maharashtra,2025-03-26
788,Customer_0788,Chennai,Tamil Nadu,2024-03-29
789,Customer_0789,Chennai,Tamil Nadu,2024-09-20
790,Customer_0790,Indore,Madhya Pradesh,2026-03-23
791,Customer_0791,Bengaluru,Karnataka,2024-10-26
792,Customer_0792,Ahmedabad,Gujarat,2023-01-12
793,Customer_0793,Noida,Uttar Pradesh,2026-03-02
794,Customer_0794,Nagpur,Maharashtra,2023-10-31
795,Customer_0795,Patna,Bihar,2025-09-01
796,Customer_0796,Delhi,Delhi,2025-02-21
797,Customer_0797,Mysuru,Karnataka,2023-02-12
798,Customer_0798,Bengaluru,Karnataka,2025-08-01
799,Customer_0799,Chennai,Tamil Nadu,2023-12-09
800,Customer_0800,Pune,Maharashtra,2024-05-12
801,Customer_0801,Kochi,Kerala,2023-12-30
802,Customer_0802,Ahmedabad,Gujarat,2025-06-09
803,Customer_0803,Bengaluru,Karnataka,2024-03-02
804,Customer_0804,Raipur,Chhattisgarh,2025-10-01
805,Customer_0805,Chennai,Tamil Nadu,2023-01-21
806,Customer_0806,Bhopal,Madhya Pradesh,2024-02-11
807,Customer_0807,Chennai,Tamil Nadu,2024-09-10
808,Customer_0808,Patna,Bihar,2025-10-11
809,Customer_0809,Pune,Maharashtra,2023-12-02
810,Customer_0810,Raipur,Chhattisgarh,2026-02-14
811,Customer_0811,Ahmedabad,Gujarat,2026-02-21
812,Customer_0812,Delhi,Delhi,2024-02-03
813,Customer_0813,Patna,Bihar,2025-03-03
814,Customer_0814,Kolkata,West Bengal,2024-12-15
815,Customer_0815,Surat,Gujarat,2023-02-20
816,Customer_0816,Mysuru,Karnataka,2023-11-20
817,Customer_0817,Chennai,Tamil Nadu,2025-02-27
818,Customer_0818,Bengaluru,Karnataka,2023-05-21
819,Customer_0819,Patna,Bihar,2024-04-14
820,Customer_0820,Kochi,Kerala,2025-02-25
821,Customer_0821,Mumbai,Maharashtra,2025-08-21
822,Customer_0822,Kochi,Kerala,2025-10-04
823,Customer_0823,Bhopal,Madhya Pradesh,2024-01-08
824,Customer_0824,Surat,Gujarat,2024-05-08
825,Customer_0825,Raipur,Chhattisgarh,2025-01-20
826,Customer_0826,Mumbai,Maharashtra,2026-03-25
827,Customer_0827,Bhubaneswar,Odisha,2023-10-18
828,Customer_0828,Chennai,Tamil Nadu,2026-03-13
829,Customer_0829,Mysuru,Karnataka,2023-04-16
830,Customer_0830,Ahmedabad,Gujarat,2024-10-31
831,Customer_0831,Bengaluru,Karnataka,2023-01-02
832,Customer_0832,Kolkata,West Bengal,2024-08-11
833,Customer_0833,Ahmedabad,Gujarat,2024-10-05
834,Customer_0834,Nagpur,Maharashtra,2023-03-31
835,Customer_0835,Mumbai,Maharashtra,2023-12-16
836,Customer_0836,Chennai,Tamil Nadu,2026-02-05
837,Customer_0837,Lucknow,Uttar Pradesh,2025-11-28
838,Customer_0838,Jaipur,Rajasthan,2025-06-27
839,Customer_0839,Mysuru,Karnataka,2023-06-08
840,Customer_0840,Jaipur,Rajasthan,2025-08-16
841,Customer_0841,Surat,Gujarat,2023-11-08
842,Customer_0842,Pune,Maharashtra,2024-03-20
843,Customer_0843,Kolkata,West Bengal,2023-10-25
844,Customer_0844,Delhi,Delhi,2025-08-09
845,Customer_0845,Pune,Maharashtra,2023-02-05
846,Customer_0846,Kochi,Kerala,2026-01-12
847,Customer_0847,Mumbai,Maharashtra,2026-04-10
848,Customer_0848,Mysuru,Karnataka,2024-07-12
849,Customer_0849,Noida,Uttar Pradesh,2025-06-09
850,Customer_0850,Bhopal,Madhya Pradesh,2023-05-21
851,Customer_0851,Noida,Uttar Pradesh,2025-06-05
852,Customer_0852,Ahmedabad,Gujarat,2026-02-15
853,Customer_0853,Raipur,Chhattisgarh,2024-12-26
854,Customer_0854,Chennai,Tamil Nadu,2025-11-15
855,Customer_0855,Nagpur,Maharashtra,2024-06-04
856,Customer_0856,Bhopal,Madhya Pradesh,2023-01-10
857,Customer_0857,Mysuru,Karnataka,2025-09-10
858,Customer_0858,Surat,Gujarat,2024-01-13
859,Customer_0859,Lucknow,Uttar Pradesh,2024-11-12
860,Customer_0860,Bhubaneswar,Odisha,2024-08-06
861,Customer_0861,Ahmedabad,Gujarat,2023-06-01
862,Customer_0862,Noida,Uttar Pradesh,2024-12-20
863,Customer_0863,Pune,Maharashtra,2025-12-08
864,Customer_0864,Surat,Gujarat,2026-03-23
865,Customer_0865,Nagpur,Maharashtra,2025-05-08
866,Customer_0866,Nagpur,Maharashtra,2023-02-19
867,Customer_0867,Mumbai,Maharashtra,2024-10-25
868,Customer_0868,Delhi,Delhi,2024-06-14
869,Customer_0869,Delhi,Delhi,2025-12-19
870,Customer_0870,Ahmedabad,Gujarat,2026-04-05
871,Customer_0871,Noida,Uttar Pradesh,2025-05-06
872,Customer_0872,Mysuru,Karnataka,2023-05-26
873,Customer_0873,Bhubaneswar,Odisha,2025-07-03
874,Customer_0874,Nagpur,Maharashtra,2025-09-19
875,Customer_0875,Mysuru,Karnataka,2023-08-30
876,Customer_0876,Mysuru,Karnataka,2024-08-03
877,Customer_0877,Patna,Bihar,2024-11-17
878,Customer_0878,Bhubaneswar,Odisha,2024-04-27
879,Customer_0879,Bengaluru,Karnataka,2026-02-05
880,Customer_0880,Kolkata,West Bengal,2024-11-03
881,Customer_0881,Jaipur,Rajasthan,2024-09-22
882,Customer_0882,Lucknow,Uttar Pradesh,2024-10-22
883,Customer_0883,Delhi,Delhi,2024-10-23
884,Customer_0884,Delhi,Delhi,2025-03-15
885,Customer_0885,Hyderabad,Telangana,2024-02-23
886,Customer_0886,Delhi,Delhi,2025-09-14
887,Customer_0887,Bhubaneswar,Odisha,2026-03-29
888,Customer_0888,Patna,Bihar,2024-10-11
889,Customer_0889,Chennai,Tamil Nadu,2025-08-26
890,Customer_0890,Mumbai,Maharashtra,2024-08-12
891,Customer_0891,Raipur,Chhattisgarh,2026-01-05
892,Customer_0892,Mumbai,Maharashtra,2024-05-23
893,Customer_0893,Bhopal,Madhya Pradesh,2024-03-16
894,Customer_0894,Mumbai,Maharashtra,2025-07-09
895,Customer_0895,Raipur,Chhattisgarh,2025-02-08
896,Customer_0896,Pune,Maharashtra,2023-09-20
897,Customer_0897,Bhubaneswar,Odisha,2024-09-28
898,Customer_0898,Delhi,Delhi,2026-04-05
899,Customer_0899,Delhi,Delhi,2024-04-03
900,Customer_0900,Patna,Bihar,2025-09-25
901,Customer_0901,Hyderabad,Telangana,2024-11-30
902,Customer_0902,Patna,Bihar,2023-10-29
903,Customer_0903,Chennai,Tamil Nadu,2026-01-30
904,Customer_0904,Chennai,Tamil Nadu,2024-07-07
905,Customer_0905,Nagpur,Maharashtra,2023-10-15
906,Customer_0906,Hyderabad,Telangana,2026-04-05
907,Customer_0907,Patna,Bihar,2024-09-12
908,Customer_0908,Delhi,Delhi,2025-10-02
909,Customer_0909,Jaipur,Rajasthan,2023-02-05
910,Customer_0910,Kochi,Kerala,2025-01-13
911,Customer_0911,Raipur,Chhattisgarh,2023-12-19
912,Customer_0912,Raipur,Chhattisgarh,2023-03-14
913,Customer_0913,Mumbai,Maharashtra,2024-10-09
914,Customer_0914,Kochi,Kerala,2025-12-29
915,Customer_0915,Hyderabad,Telangana,2024-02-29
916,Customer_0916,Bengaluru,Karnataka,2025-09-25
917,Customer_0917,Chennai,Tamil Nadu,2024-12-08
918,Customer_0918,Mumbai,Maharashtra,2024-07-14
919,Customer_0919,Mysuru,Karnataka,2025-04-07
920,Customer_0920,Mumbai,Maharashtra,2025-08-13
921,Customer_0921,Bengaluru,Karnataka,2024-05-31
922,Customer_0922,Pune,Maharashtra,2024-03-03
923,Customer_0923,Jaipur,Rajasthan,2023-06-09
924,Customer_0924,Mysuru,Karnataka,2023-05-29
925,Customer_0925,Jaipur,Rajasthan,2025-02-14
926,Customer_0926,Mumbai,Maharashtra,2023-03-08
927,Customer_0927,Chennai,Tamil Nadu,2025-10-10
928,Customer_0928,Kolkata,West Bengal,2024-01-16
929,Customer_0929,Raipur,Chhattisgarh,2023-02-27
930,Customer_0930,Bengaluru,Karnataka,2023-12-08
931,Customer_0931,Kolkata,West Bengal,2026-02-27
932,Customer_0932,Kochi,Kerala,2024-12-27
933,Customer_0933,Raipur,Chhattisgarh,2026-04-10
934,Customer_0934,Delhi,Delhi,2025-02-08
935,Customer_0935,Mysuru,Karnataka,2024-09-05
936,Customer_0936,Raipur,Chhattisgarh,2023-12-20
937,Customer_0937,Bengaluru,Karnataka,2023-04-26
938,Customer_0938,Surat,Gujarat,2024-10-23
939,Customer_0939,Kolkata,West Bengal,2024-03-28
940,Customer_0940,Pune,Maharashtra,2023-10-14
941,Customer_0941,Patna,Bihar,2025-10-13
942,Customer_0942,Patna,Bihar,2023-11-07
943,Customer_0943,Bengaluru,Karnataka,2023-07-27
944,Customer_0944,Bengaluru,Karnataka,2024-09-09
945,Customer_0945,Ahmedabad,Gujarat,2024-03-21
946,Customer_0946,Mysuru,Karnataka,2024-10-31
947,Customer_0947,Kochi,Kerala,2024-09-24
948,Customer_0948,Ahmedabad,Gujarat,2023-02-24
949,Customer_0949,Jaipur,Rajasthan,2025-06-30
950,Customer_0950,Delhi,Delhi,2025-11-01
951,Customer_0951,Chennai,Tamil Nadu,2024-10-18
952,Customer_0952,Chennai,Tamil Nadu,2025-09-06
953,Customer_0953,Delhi,Delhi,2024-05-29
954,Customer_0954,Raipur,Chhattisgarh,2023-08-25
955,Customer_0955,Bhubaneswar,Odisha,2023-12-14
956,Customer_0956,Ahmedabad,Gujarat,2024-09-18
957,Customer_0957,Surat,Gujarat,2026-02-01
958,Customer_0958,Kolkata,West Bengal,2024-09-21
959,Customer_0959,Delhi,Delhi,2023-12-30
960,Customer_0960,Lucknow,Uttar Pradesh,2023-11-17
961,Customer_0961,Mumbai,Maharashtra,2023-10-13
962,Customer_0962,Raipur,Chhattisgarh,2023-05-29
963,Customer_0963,Delhi,Delhi,2026-01-12
964,Customer_0964,Ahmedabad,Gujarat,2024-02-10
965,Customer_0965,Surat,Gujarat,2025-09-04
966,Customer_0966,Surat,Gujarat,2024-03-31
967,Customer_0967,Bengaluru,Karnataka,2025-03-10
968,Customer_0968,Indore,Madhya Pradesh,2026-03-30
969,Customer_0969,Bengaluru,Karnataka,2025-10-09
970,Customer_0970,Mysuru,Karnataka,2025-02-22
971,Customer_0971,Mysuru,Karnataka,2024-04-04
972,Customer_0972,Delhi,Delhi,2025-01-07
973,Customer_0973,Jaipur,Rajasthan,2024-05-23
974,Customer_0974,Bhopal,Madhya Pradesh,2024-04-25
975,Customer_0975,Noida,Uttar Pradesh,2023-04-24
976,Customer_0976,Patna,Bihar,2025-01-18
977,Customer_0977,Bhubaneswar,Odisha,2023-12-27
978,Customer_0978,Delhi,Delhi,2023-12-07
979,Customer_0979,Noida,Uttar Pradesh,2025-02-08
980,Customer_0980,Ahmedabad,Gujarat,2025-01-30
981,Customer_0981,Mumbai,Maharashtra,2025-08-26
982,Customer_0982,Bhubaneswar,Odisha,2024-03-24
983,Customer_0983,Mysuru,Karnataka,2025-04-14
984,Customer_0984,Bhubaneswar,Odisha,2023-11-07
985,Customer_0985,Bengaluru,Karnataka,2023-09-19
986,Customer_0986,Mumbai,Maharashtra,2024-02-10
987,Customer_0987,Patna,Bihar,2023-05-23
988,Customer_0988,Delhi,Delhi,2023-12-08
989,Customer_0989,Raipur,Chhattisgarh,2026-01-29
990,Customer_0990,Raipur,Chhattisgarh,2023-09-01
991,Customer_0991,Noida,Uttar Pradesh,2024-05-04
992,Customer_0992,Noida,Uttar Pradesh,2023-01-12
993,Customer_0993,Jaipur,Rajasthan,2024-07-14
994,Customer_0994,Kochi,Kerala,2023-02-11
995,Customer_0995,Noida,Uttar Pradesh,2024-11-08
996,Customer_0996,Nagpur,Maharashtra,2024-08-16
997,Customer_0997,Kochi,Kerala,2026-03-27
998,Customer_0998,Ahmedabad,Gujarat,2023-05-14
999,Customer_0999,Chennai,Tamil Nadu,2025-12-26
1000,Customer_1000,Pune,Maharashtra,2025-10-27
